!!SBtab SBtabVersion='1.0' TableID='ParameterBalanced' TableType='Quantity' TableName='Parameter' Document='e_coli_core_PB_data.xlsx' Date='2022-04-23'												
!QuantityType	!Reaction:SBML:reaction:id	!Compound:SBML:species:id	!Mode	!Unit	!UnconstrainedGeometricMean	!UnconstrainedGeometricStd	!UnconstrainedMean	!UnconstrainedStd	!Std	!GeometricStd	!Organism	!Reference
catalytic rate constant geometric mean	R_PFK		51.2485	1/s	51.2485	1.3129	53.1834	14.7518		1.2		
catalytic rate constant geometric mean	R_PFL		6.2157	1/s	6.2157	1.3129	6.4503	1.7892		1.2		
catalytic rate constant geometric mean	R_PGI		64.5448	1/s	64.5448	1.3129	66.9818	18.5791		1.2		
catalytic rate constant geometric mean	R_PGK		209.3086	1/s	209.3086	1.3129	217.2112	60.2491		1.2		
catalytic rate constant geometric mean	R_PGL		11.1717	1/s	11.1717	5.0392	41.3105	147.0657				
catalytic rate constant geometric mean	R_ACALD		10	1/s	10	100	402874.8771	16230816651				
catalytic rate constant geometric mean	R_PGM		104.3848	1/s	104.3848	1.3129	108.3259	30.047		1.2		
catalytic rate constant geometric mean	R_ALCD2x		11.5274	1/s	11.5274	1.3129	11.9626	3.3181		1.2		
catalytic rate constant geometric mean	R_ACKr		703.3901	1/s	703.3901	1.3129	729.9472	202.4697		1.2		
catalytic rate constant geometric mean	R_PPC		113.404	1/s	113.404	1.3129	117.6857	32.6432		1.2		
catalytic rate constant geometric mean	R_ACONTa		1.1089	1/s	1.1089	3.5199	2.4479	4.8173				
catalytic rate constant geometric mean	R_ACONTb		21.4945	1/s	21.4945	3.5199	47.4477	93.3743				
catalytic rate constant geometric mean	R_ATPM		3.7869	1/s	3.7869	1.5565	4.1763	1.9421		1.2		
catalytic rate constant geometric mean	R_PPCK		455.4689	1/s	455.4689	2.0324	585.7142	473.5564				
catalytic rate constant geometric mean	R_PPS		184.7602	1/s	184.7602	1.3129	191.736	53.1829		1.2		
catalytic rate constant geometric mean	R_ADK1		731.1495	1/s	731.1495	1.3129	758.7547	210.4602		1.2		
catalytic rate constant geometric mean	R_AKGDH		10	1/s	10	100	402874.8771	16230816651				
catalytic rate constant geometric mean	R_PTAr		959.44	1/s	959.44	1.3129	995.6645	276.1733		1.2		
catalytic rate constant geometric mean	R_PYK		0.0816	1/s	0.0816	5.0694	0.3046	1.0958				
catalytic rate constant geometric mean	R_RPE		429.8956	1/s	429.8956	1.3129	446.1267	123.7448		1.2		
catalytic rate constant geometric mean	R_CS		61.7829	1/s	61.7829	1.3129	64.1156	17.7841		1.2		
catalytic rate constant geometric mean	R_RPI		993.3336	1/s	993.3336	1.3129	1030.8378	285.9295		1.2		
catalytic rate constant geometric mean	R_ENO		28.9669	1/s	28.9669	3.5199	63.9426	125.8349				
catalytic rate constant geometric mean	R_SUCDi		73.2853	1/s	73.2853	1.3129	76.0523	21.0951		1.2		
catalytic rate constant geometric mean	R_SUCOAS		84.7518	1/s	84.7518	1.3129	87.9517	24.3957		1.2		
catalytic rate constant geometric mean	R_TALA		2.7064	1/s	2.7064	3.584	6.1123	12.3777				
catalytic rate constant geometric mean	R_TKT1		131.3144	1/s	131.3144	2.002	167.0884	131.4677				
catalytic rate constant geometric mean	R_TKT2		14.0983	1/s	14.0983	3.584	31.8409	64.4792				
catalytic rate constant geometric mean	R_TPI		933.7082	1/s	933.7082	1.3129	968.9612	268.7664		1.2		
catalytic rate constant geometric mean	R_FBA		1.027	1/s	1.027	1.9275	1.2737	0.9344				
catalytic rate constant geometric mean	R_FBP		47.0582	1/s	47.0582	6.6049	279.5805	1637.3354				
catalytic rate constant geometric mean	R_FRD7		73.2853	1/s	73.2853	1.3129	76.0523	21.0951		1.2		
catalytic rate constant geometric mean	R_FUM		192.3253	1/s	192.3253	1.3129	199.5867	55.3605		1.2		
catalytic rate constant geometric mean	R_G6PDH2r		278.6566	1/s	278.6566	1.3129	289.1776	80.2109		1.2		
catalytic rate constant geometric mean	R_GAPD		152.4558	1/s	152.4558	1.3129	158.2119	43.8842		1.2		
catalytic rate constant geometric mean	R_GLNS		1024.3941	1/s	1024.3941	5.2027	3990.869	15026.8385				
catalytic rate constant geometric mean	R_GLUDy		92.1876	1/s	92.1876	1.3129	95.6682	26.536		1.2		
catalytic rate constant geometric mean	R_GLUN		9.4903	1/s	9.4903	1.3129	9.8486	2.7318		1.2		
catalytic rate constant geometric mean	R_GLUSy		25195.8147	1/s	25195.8147	10.0343	359790.8178	5125122.138				
catalytic rate constant geometric mean	R_GND		46.1477	1/s	46.1477	1.3129	47.89	13.2835		1.2		
catalytic rate constant geometric mean	R_ICDHyr		50.2243	1/s	50.2243	1.3129	52.1206	14.457		1.2		
catalytic rate constant geometric mean	R_ICL		19.5813	1/s	19.5813	1.9155	24.187	17.5375				
catalytic rate constant geometric mean	R_LDH_D		5137.7503	1/s	5137.7503	2.002	6537.4299	5143.7538				
catalytic rate constant geometric mean	R_MALS		0.6584	1/s	0.6584	6.69	4.0076	24.0631				
catalytic rate constant geometric mean	R_MDH		428.6896	1/s	428.6896	1.3129	444.8751	123.3976		1.2		
catalytic rate constant geometric mean	R_ME1		2.8028	1/s	2.8028	1.3129	2.9086	0.8068		1.2		
catalytic rate constant geometric mean	R_ME2		111.6328	1/s	111.6328	1.3129	115.8476	32.1333		1.2		
catalytic rate constant geometric mean	R_NADTRHD		923.3135	1/s	923.3135	1.9704	1162.0718	888.0885				
catalytic rate constant geometric mean	R_PDH		1.538	1/s	1.538	1.3129	1.5961	0.4427		1.2		
concentration		M_gln__L_c	0.1	mM	0.1	10	1.4167	20.0217				
concentration		M_glu__L_c	0.1	mM	0.1	10	1.4167	20.0217				
concentration		M_glx_c	0.1	mM	0.1	10	1.4167	20.0217				
concentration		M_h2o_c	0.1	mM	0.1	10	1.4167	20.0217				
concentration		M_icit_c	0.1	mM	0.1	10	1.4167	20.0217				
concentration		M_lac__D_c	0.1	mM	0.1	10	1.4167	20.0217				
concentration		M_mal__L_c	0.1	mM	0.1	10	1.4167	20.0217				
concentration		M_nad_c	0.1	mM	0.1	10	1.4167	20.0217				
concentration		M_nadh_c	0.1	mM	0.1	10	1.4167	20.0217				
concentration		M_nadp_c	0.1	mM	0.1	10	1.4167	20.0217				
concentration		M_nadph_c	0.1	mM	0.1	10	1.4167	20.0217				
concentration		M_nh4_c	0.1	mM	0.1	10	1.4167	20.0217				
concentration		M_13dpg_c	0.1	mM	0.1	10	1.4167	20.0217				
concentration		M_2pg_c	0.1	mM	0.1	10	1.4167	20.0217				
concentration		M_3pg_c	0.1	mM	0.1	10	1.4167	20.0217				
concentration		M_oaa_c	0.1	mM	0.1	10	1.4167	20.0217				
concentration		M_pep_c	0.1	mM	0.1	10	1.4167	20.0217				
concentration		M_6pgc_c	0.1	mM	0.1	10	1.4167	20.0217				
concentration		M_pi_c	0.1	mM	0.1	10	1.4167	20.0217				
concentration		M_6pgl_c	0.1	mM	0.1	10	1.4167	20.0217				
concentration		M_ac_c	0.1	mM	0.1	10	1.4167	20.0217				
concentration		M_pyr_c	0.1	mM	0.1	10	1.4167	20.0217				
concentration		M_q8_c	0.1	mM	0.1	10	1.4167	20.0217				
concentration		M_q8h2_c	0.1	mM	0.1	10	1.4167	20.0217				
concentration		M_r5p_c	0.1	mM	0.1	10	1.4167	20.0217				
concentration		M_ru5p__D_c	0.1	mM	0.1	10	1.4167	20.0217				
concentration		M_acald_c	0.1	mM	0.1	10	1.4167	20.0217				
concentration		M_s7p_c	0.1	mM	0.1	10	1.4167	20.0217				
concentration		M_accoa_c	0.1	mM	0.1	10	1.4167	20.0217				
concentration		M_succ_c	0.1	mM	0.1	10	1.4167	20.0217				
concentration		M_succoa_c	0.1	mM	0.1	10	1.4167	20.0217				
concentration		M_acon_C_c	0.1	mM	0.1	10	1.4167	20.0217				
concentration		M_xu5p__D_c	0.1	mM	0.1	10	1.4167	20.0217				
concentration		M_actp_c	0.1	mM	0.1	10	1.4167	20.0217				
concentration		M_adp_c	0.1	mM	0.1	10	1.4167	20.0217				
concentration		M_akg_c	0.1	mM	0.1	10	1.4167	20.0217				
concentration		M_amp_c	0.1	mM	0.1	10	1.4167	20.0217				
concentration		M_atp_c	0.1	mM	0.1	10	1.4167	20.0217				
concentration		M_cit_c	0.1	mM	0.1	10	1.4167	20.0217				
concentration		M_co2_c	0.1	mM	0.1	10	1.4167	20.0217				
concentration		M_coa_c	0.1	mM	0.1	10	1.4167	20.0217				
concentration		M_dhap_c	0.1	mM	0.1	10	1.4167	20.0217				
concentration		M_e4p_c	0.1	mM	0.1	10	1.4167	20.0217				
concentration		M_etoh_c	0.1	mM	0.1	10	1.4167	20.0217				
concentration		M_f6p_c	0.1	mM	0.1	10	1.4167	20.0217				
concentration		M_fdp_c	0.1	mM	0.1	10	1.4167	20.0217				
concentration		M_for_c	0.1	mM	0.1	10	1.4167	20.0217				
concentration		M_fum_c	0.1	mM	0.1	10	1.4167	20.0217				
concentration		M_g3p_c	0.1	mM	0.1	10	1.4167	20.0217				
concentration		M_g6p_c	0.1	mM	0.1	10	1.4167	20.0217				
concentration of enzyme	R_PFK		0.001	mM	0.001	100	40.2875	1623081.665				
concentration of enzyme	R_PFL		0.001	mM	0.001	100	40.2875	1623081.665				
concentration of enzyme	R_PGI		0.001	mM	0.001	100	40.2875	1623081.665				
concentration of enzyme	R_PGK		0.001	mM	0.001	100	40.2875	1623081.665				
concentration of enzyme	R_PGL		0.001	mM	0.001	100	40.2875	1623081.665				
concentration of enzyme	R_ACALD		0.001	mM	0.001	100	40.2875	1623081.665				
concentration of enzyme	R_PGM		0.001	mM	0.001	100	40.2875	1623081.665				
concentration of enzyme	R_ALCD2x		0.001	mM	0.001	100	40.2875	1623081.665				
concentration of enzyme	R_ACKr		0.001	mM	0.001	100	40.2875	1623081.665				
concentration of enzyme	R_PPC		0.001	mM	0.001	100	40.2875	1623081.665				
concentration of enzyme	R_ACONTa		0.001	mM	0.001	100	40.2875	1623081.665				
concentration of enzyme	R_ACONTb		0.001	mM	0.001	100	40.2875	1623081.665				
concentration of enzyme	R_ATPM		0.001	mM	0.001	100	40.2875	1623081.665				
concentration of enzyme	R_PPCK		0.001	mM	0.001	100	40.2875	1623081.665				
concentration of enzyme	R_PPS		0.001	mM	0.001	100	40.2875	1623081.665				
concentration of enzyme	R_ADK1		0.001	mM	0.001	100	40.2875	1623081.665				
concentration of enzyme	R_AKGDH		0.001	mM	0.001	100	40.2875	1623081.665				
concentration of enzyme	R_PTAr		0.001	mM	0.001	100	40.2875	1623081.665				
concentration of enzyme	R_PYK		0.001	mM	0.001	100	40.2875	1623081.665				
concentration of enzyme	R_RPE		0.001	mM	0.001	100	40.2875	1623081.665				
concentration of enzyme	R_CS		0.001	mM	0.001	100	40.2875	1623081.665				
concentration of enzyme	R_RPI		0.001	mM	0.001	100	40.2875	1623081.665				
concentration of enzyme	R_ENO		0.001	mM	0.001	100	40.2875	1623081.665				
concentration of enzyme	R_SUCDi		0.001	mM	0.001	100	40.2875	1623081.665				
concentration of enzyme	R_SUCOAS		0.001	mM	0.001	100	40.2875	1623081.665				
concentration of enzyme	R_TALA		0.001	mM	0.001	100	40.2875	1623081.665				
concentration of enzyme	R_TKT1		0.001	mM	0.001	100	40.2875	1623081.665				
concentration of enzyme	R_TKT2		0.001	mM	0.001	100	40.2875	1623081.665				
concentration of enzyme	R_TPI		0.001	mM	0.001	100	40.2875	1623081.665				
concentration of enzyme	R_FBA		0.001	mM	0.001	100	40.2875	1623081.665				
concentration of enzyme	R_FBP		0.001	mM	0.001	100	40.2875	1623081.665				
concentration of enzyme	R_FRD7		0.001	mM	0.001	100	40.2875	1623081.665				
concentration of enzyme	R_FUM		0.001	mM	0.001	100	40.2875	1623081.665				
concentration of enzyme	R_G6PDH2r		0.001	mM	0.001	100	40.2875	1623081.665				
concentration of enzyme	R_GAPD		0.001	mM	0.001	100	40.2875	1623081.665				
concentration of enzyme	R_GLNS		0.001	mM	0.001	100	40.2875	1623081.665				
concentration of enzyme	R_GLUDy		0.001	mM	0.001	100	40.2875	1623081.665				
concentration of enzyme	R_GLUN		0.001	mM	0.001	100	40.2875	1623081.665				
concentration of enzyme	R_GLUSy		0.001	mM	0.001	100	40.2875	1623081.665				
concentration of enzyme	R_GND		0.001	mM	0.001	100	40.2875	1623081.665				
concentration of enzyme	R_ICDHyr		0.001	mM	0.001	100	40.2875	1623081.665				
concentration of enzyme	R_ICL		0.001	mM	0.001	100	40.2875	1623081.665				
concentration of enzyme	R_LDH_D		0.001	mM	0.001	100	40.2875	1623081.665				
concentration of enzyme	R_MALS		0.001	mM	0.001	100	40.2875	1623081.665				
concentration of enzyme	R_MDH		0.001	mM	0.001	100	40.2875	1623081.665				
concentration of enzyme	R_ME1		0.001	mM	0.001	100	40.2875	1623081.665				
concentration of enzyme	R_ME2		0.001	mM	0.001	100	40.2875	1623081.665				
concentration of enzyme	R_NADTRHD		0.001	mM	0.001	100	40.2875	1623081.665				
concentration of enzyme	R_PDH		0.001	mM	0.001	100	40.2875	1623081.665				
equilibrium constant	R_PFK		550.7542	dimensionless	550.7542	1.4076	583.8942	205.5813		1.2		
equilibrium constant	R_PFL		1565.0191	dimensionless	1565.0191	1.5472	1721.4278	788.611		1.2		
equilibrium constant	R_PGI		0.5219	dimensionless	0.5219	1.5244	0.5704	0.2516		1.2		
equilibrium constant	R_PGK		0.0003	dimensionless	0.0003	1.5472	0.0003	0.0001		1.2		
equilibrium constant	R_PGL		6188.0497	dimensionless	6188.0497	1.6029	6916.5943	3453.657		1.2		
equilibrium constant	R_ACALD		1073.5722	dimensionless	1073.5722	1.6038	1200.2891	600.1418		1.2		
equilibrium constant	R_PGM		7.3797	dimensionless	7.3797	1.5244	8.0657	3.5576		1.2		
equilibrium constant	R_ALCD2x		0.0002	dimensionless	0.0002	1.5966	0.0002	0.0001		1.2		
equilibrium constant	R_ACKr		0.0042	dimensionless	0.0042	1.5472	0.0047	0.0021		1.2		
equilibrium constant	R_PPC		4142956.037	dimensionless	4142956.037	1.4096	4394406.743	1554097.369		1.2		
equilibrium constant	R_ACONTa		0.0265	dimensionless	0.0265	1.6029	0.0296	0.0148		1.2		
equilibrium constant	R_ACONTb		1.795	dimensionless	1.795	1.6029	2.0063	1.0018		1.2		
equilibrium constant	R_ATPM		38981.0692	dimensionless	38981.0692	1.2949	40304.7053	10592.1456		1.2		
equilibrium constant	R_PPCK		0.0094	dimensionless	0.0094	1.3667	0.0099	0.0032		1.2		
equilibrium constant	R_PPS		0.6147	dimensionless	0.6147	1.4654	0.6613	0.2622		1.2		
equilibrium constant	R_ADK1		1.055	dimensionless	1.055	1.4519	1.131	0.4368		1.2		
equilibrium constant	R_AKGDH		78198.3697	dimensionless	78198.3697	1.5451	85960.9264	39240.8605		1.2		
equilibrium constant	R_PTAr		0.0239	dimensionless	0.0239	1.5472	0.0262	0.012		1.2		
equilibrium constant	R_PYK		60102.6351	dimensionless	60102.6351	1.3931	63498.6842	21645.6057		1.2		
equilibrium constant	R_RPE		3.4203	dimensionless	3.4203	1.5901	3.8086	1.8657		1.2		
equilibrium constant	R_CS		1199074.382	dimensionless	1199074.382	1.5967	1337805.114	661885.6816		1.2		
equilibrium constant	R_RPI		0.5166	dimensionless	0.5166	1.5245	0.5647	0.2491		1.2		
equilibrium constant	R_ENO		4.488	dimensionless	4.488	1.6029	5.0164	2.5047		1.2		
equilibrium constant	R_SUCDi		12537.2944	dimensionless	12537.2944	1.3887	13231.646	4464.2454		1.2		
equilibrium constant	R_SUCOAS		1.682	dimensionless	1.682	1.5123	1.8322	0.7915		1.2		
equilibrium constant	R_TALA		0.8888	dimensionless	0.8888	1.6029	0.9934	0.496		1.2		
equilibrium constant	R_TKT1		4.5361	dimensionless	4.5361	1.6028	5.0701	2.5314		1.2		
equilibrium constant	R_TKT2		53.788	dimensionless	53.788	1.6029	60.1204	30.0193		1.2		
equilibrium constant	R_TPI		0.2513	dimensionless	0.2513	1.5245	0.2746	0.1211		1.2		
equilibrium constant	R_FBA		0.0001	dimensionless	0.0001	1.6028	0.0001	0.0001		1.2		
equilibrium constant	R_FBP		70.7776	dimensionless	70.7776	1.4182	75.2318	27.1069		1.2		
equilibrium constant	R_FRD7		0.0001	dimensionless	0.0001	1.3887	0.0001	0		1.2		
equilibrium constant	R_FUM		4.0444	dimensionless	4.0444	1.5905	4.5043	2.2081		1.2		
equilibrium constant	R_G6PDH2r		2.25	dimensionless	2.25	1.5909	2.5061	1.2292		1.2		
equilibrium constant	R_GAPD		0.0761	dimensionless	0.0761	1.5543	0.0838	0.0388		1.2		
equilibrium constant	R_GLNS		154.5704	dimensionless	154.5704	1.4275	164.6788	60.5227		1.2		
equilibrium constant	R_GLUDy		0	dimensionless	0	1.5961	0	0		1.2		
equilibrium constant	R_GLUN		252.1898	dimensionless	252.1898	1.4252	268.53	98.2194		1.2		
equilibrium constant	R_GLUSy		699306375.6	dimensionless	699306375.6	1.7972	830421811.1	531820783.1				
equilibrium constant	R_GND		0.0186	dimensionless	0.0186	1.5543	0.0205	0.0095		1.2		
equilibrium constant	R_ICDHyr		0.1685	dimensionless	0.1685	1.5081	0.1833	0.0786		1.2		
equilibrium constant	R_ICL		0.0297	dimensionless	0.0297	1.5444	0.0326	0.0149		1.2		
equilibrium constant	R_LDH_D		0.0001	dimensionless	0.0001	1.6028	0.0001	0		1.2		
equilibrium constant	R_MALS		1368823.631	dimensionless	1368823.631	1.5445	1504449.227	686102.9791		1.2		
equilibrium constant	R_MDH		0	dimensionless	0	1.4389	0	0		1.2		
equilibrium constant	R_ME1		0.0087	dimensionless	0.0087	1.3831	0.0092	0.0031		1.2		
equilibrium constant	R_ME2		0.0086	dimensionless	0.0086	1.4223	0.0092	0.0033		1.2		
equilibrium constant	R_NADTRHD		1.0125	dimensionless	1.0125	1.4369	1.0812	0.4052		1.2		
equilibrium constant	R_PDH		874528.0478	dimensionless	874528.0478	1.54	959959.0617	434554.3307		1.2		
Michaelis constant	R_PFK	M_atp_c	0.0769	mM	0.0769	1.5322	0.0842	0.0376		1.2		
Michaelis constant	R_PFK	M_f6p_c	0.2734	mM	0.2734	1.5322	0.2994	0.1338		1.2		
Michaelis constant	R_PFK	M_adp_c	0.951	mM	0.951	1.5322	1.0417	0.4655		1.2		
Michaelis constant	R_PFK	M_fdp_c	11.6415	mM	11.6415	1.5322	12.7511	5.6986		1.2		
Michaelis constant	R_PFL	M_coa_c	0.0047	mM	0.0047	1.5358	0.0052	0.0023		1.2		
Michaelis constant	R_PFL	M_pyr_c	0.7292	mM	0.7292	1.5358	0.7995	0.3594		1.2		
Michaelis constant	R_PFL	M_accoa_c	0.1946	mM	0.1946	1.5358	0.2134	0.0959		1.2		
Michaelis constant	R_PFL	M_for_c	21.479	mM	21.479	1.5358	23.5498	10.5873		1.2		
Michaelis constant	R_PGI	M_g6p_c	209.4636	mM	209.4636	1.5146	228.3157	99.0227		1.2		
Michaelis constant	R_PGI	M_f6p_c	78.1152	mM	78.1152	1.5146	85.1457	36.9285		1.2		
Michaelis constant	R_PGK	M_3pg_c	0.705	mM	0.705	1.5358	0.773	0.3475		1.2		
Michaelis constant	R_PGK	M_atp_c	0.4114	mM	0.4114	1.5358	0.451	0.2028		1.2		
Michaelis constant	R_PGK	M_13dpg_c	0.0065	mM	0.0065	1.5358	0.0071	0.0032		1.2		
Michaelis constant	R_PGK	M_adp_c	0.0965	mM	0.0965	1.5358	0.1058	0.0476		1.2		
Michaelis constant	R_PGL	M_6pgl_c	0.2202	mM	0.2202	1.5876	0.245	0.1196		1.2		
Michaelis constant	R_PGL	M_h2o_c	0.1014	mM	0.1014	9.3803	1.2423	15.17				
Michaelis constant	R_PGL	M_6pgc_c	0.0986	mM	0.0986	9.3803	1.2084	14.7556				
Michaelis constant	R_ACALD	M_acald_c	1.7074	mM	1.7074	1.5884	1.9003	0.9286		1.2		
Michaelis constant	R_ACALD	M_coa_c	0.0291	mM	0.0291	1.5884	0.0324	0.0158		1.2		
Michaelis constant	R_ACALD	M_nad_c	0.1836	mM	0.1836	1.5884	0.2043	0.0998		1.2		
Michaelis constant	R_ACALD	M_accoa_c	0.0159	mM	0.0159	1.5884	0.0176	0.0086		1.2		
Michaelis constant	R_ACALD	M_nadh_c	0.0287	mM	0.0287	1.5884	0.032	0.0156		1.2		
Michaelis constant	R_PGM	M_2pg_c	0.2063	mM	0.2063	1.5146	0.2249	0.0975		1.2		
Michaelis constant	R_PGM	M_3pg_c	0.1413	mM	0.1413	1.5146	0.154	0.0668		1.2		
Michaelis constant	R_ALCD2x	M_etoh_c	86.6371	mM	86.6371	1.5817	96.239	46.5483		1.2		
Michaelis constant	R_ALCD2x	M_nad_c	0.5339	mM	0.5339	5.4895	2.2758	9.4294				
Michaelis constant	R_ALCD2x	M_acald_c	2.476	mM	2.476	1.5817	2.7504	1.3303		1.2		
Michaelis constant	R_ALCD2x	M_nadh_c	0.0187	mM	0.0187	5.4895	0.0798	0.3308				
Michaelis constant	R_ACKr	M_ac_c	38.5661	mM	38.5661	1.5358	42.2843	19.0099		1.2		
Michaelis constant	R_ACKr	M_atp_c	0.7491	mM	0.7491	1.5358	0.8214	0.3693		1.2		
Michaelis constant	R_ACKr	M_actp_c	0.2904	mM	0.2904	1.5358	0.3184	0.1432		1.2		
Michaelis constant	R_ACKr	M_adp_c	0.377	mM	0.377	1.5358	0.4133	0.1858		1.2		
Michaelis constant	R_PPC	M_co2_c	0.1407	mM	0.1407	1.5838	0.1564	0.0759		1.2		
Michaelis constant	R_PPC	M_h2o_c	0.0016	mM	0.0016	6.7361	0.0097	0.0592				
Michaelis constant	R_PPC	M_pep_c	0.2766	mM	0.2766	1.5838	0.3074	0.1492		1.2		
Michaelis constant	R_PPC	M_oaa_c	6.3409	mM	6.3409	6.7361	39.1053	237.9763				
Michaelis constant	R_PPC	M_pi_c	6.3409	mM	6.3409	6.7361	39.1053	237.9763				
Michaelis constant	R_ACONTa	M_cit_c	0.5995	mM	0.5995	1.5876	0.6671	0.3256		1.2		
Michaelis constant	R_ACONTa	M_acon_C_c	0.0163	mM	0.0163	1.5876	0.0181	0.0088		1.2		
Michaelis constant	R_ACONTa	M_h2o_c	0.1316	mM	0.1316	9.3466	1.5999	19.379				
Michaelis constant	R_ACONTb	M_acon_C_c	0.0162	mM	0.0162	1.5876	0.018	0.0088		1.2		
Michaelis constant	R_ACONTb	M_h2o_c	0.11	mM	0.11	9.3466	1.3374	16.1989				
Michaelis constant	R_ACONTb	M_icit_c	0.1719	mM	0.1719	1.5876	0.1913	0.0934		1.2		
Michaelis constant	R_ATPM	M_atp_c	0.5494	mM	0.5494	1.5783	0.6096	0.2933		1.2		
Michaelis constant	R_ATPM	M_h2o_c	0	mM	0	3.6725	0	0				
Michaelis constant	R_ATPM	M_adp_c	0.5297	mM	0.5297	1.5783	0.5878	0.2828		1.2		
Michaelis constant	R_ATPM	M_pi_c	0.0005	mM	0.0005	1.5783	0.0006	0.0003		1.2		
Michaelis constant	R_PPCK	M_atp_c	0.0395	mM	0.0395	1.5875	0.044	0.0215		1.2		
Michaelis constant	R_PPCK	M_oaa_c	0.0711	mM	0.0711	1.5875	0.0791	0.0386		1.2		
Michaelis constant	R_PPCK	M_adp_c	0.1785	mM	0.1785	1.5875	0.1986	0.0969		1.2		
Michaelis constant	R_PPCK	M_co2_c	0.4971	mM	0.4971	1.5875	0.5531	0.2699		1.2		
Michaelis constant	R_PPCK	M_pep_c	0.1878	mM	0.1878	1.5875	0.209	0.102		1.2		
Michaelis constant	R_PPS	M_atp_c	0.2773	mM	0.2773	1.5771	0.3076	0.1477		1.2		
Michaelis constant	R_PPS	M_h2o_c	784.0687	mM	784.0687	3.0832	1477.9057	2361.3759				
Michaelis constant	R_PPS	M_pyr_c	0.1953	mM	0.1953	1.5771	0.2167	0.1041		1.2		
Michaelis constant	R_PPS	M_amp_c	0.5699	mM	0.5699	1.5771	0.6323	0.3037		1.2		
Michaelis constant	R_PPS	M_pep_c	0.2366	mM	0.2366	1.5771	0.2624	0.126		1.2		
Michaelis constant	R_PPS	M_pi_c	10.1385	mM	10.1385	1.5771	11.2472	5.4017		1.2		
Michaelis constant	R_ADK1	M_amp_c	0.4012	mM	0.4012	1.5459	0.4412	0.2017		1.2		
Michaelis constant	R_ADK1	M_atp_c	0.0507	mM	0.0507	1.5459	0.0557	0.0255		1.2		
Michaelis constant	R_ADK1	M_adp_c	0.1943	mM	0.1943	1.4072	0.206	0.0725		1.2		
Michaelis constant	R_AKGDH	M_akg_c	3.0964	mM	3.0964	1.5884	3.4463	1.6841		1.2		
Michaelis constant	R_AKGDH	M_coa_c	0.1	mM	0.1	10	1.4167	20.0217				
Michaelis constant	R_AKGDH	M_nad_c	0.1	mM	0.1	10	1.4167	20.0217				
Michaelis constant	R_AKGDH	M_co2_c	0.1	mM	0.1	10	1.4167	20.0217				
Michaelis constant	R_AKGDH	M_nadh_c	0.1	mM	0.1	10	1.4167	20.0217				
Michaelis constant	R_AKGDH	M_succoa_c	0.0703	mM	0.0703	1.5884	0.0783	0.0382		1.2		
Michaelis constant	R_PTAr	M_accoa_c	0.0904	mM	0.0904	1.5358	0.0991	0.0445		1.2		
Michaelis constant	R_PTAr	M_pi_c	1.9623	mM	1.9623	1.5358	2.1515	0.9672		1.2		
Michaelis constant	R_PTAr	M_actp_c	0.1985	mM	0.1985	1.5358	0.2176	0.0978		1.2		
Michaelis constant	R_PTAr	M_coa_c	0.0719	mM	0.0719	1.5358	0.0788	0.0354		1.2		
Michaelis constant	R_PYK	M_adp_c	10.1246	mM	10.1246	1.5876	11.266	5.4985		1.2		
Michaelis constant	R_PYK	M_pep_c	0.0548	mM	0.0548	9.381	0.6718	8.2045				
Michaelis constant	R_PYK	M_atp_c	0.3063	mM	0.3063	1.5876	0.3408	0.1663		1.2		
Michaelis constant	R_PYK	M_pyr_c	0.1824	mM	0.1824	9.381	2.2353	27.2995				
Michaelis constant	R_RPE	M_ru5p__D_c	0.685	mM	0.685	1.5756	0.7596	0.364		1.2		
Michaelis constant	R_RPE	M_xu5p__D_c	0.2998	mM	0.2998	2.3875	0.4378	0.4659				
Michaelis constant	R_CS	M_accoa_c	0.0354	mM	0.0354	1.5818	0.0393	0.019		1.2		
Michaelis constant	R_CS	M_h2o_c	0.0001	mM	0.0001	5.5592	0.0004	0.0017				
Michaelis constant	R_CS	M_oaa_c	0.024	mM	0.024	1.5818	0.0267	0.0129		1.2		
Michaelis constant	R_CS	M_cit_c	0.0014	mM	0.0014	1.5818	0.0016	0.0008		1.2		
Michaelis constant	R_CS	M_coa_c	107.869	mM	107.869	5.5592	469.8045	1991.487				
Michaelis constant	R_RPI	M_r5p_c	2.484	mM	2.484	1.5146	2.7076	1.1743		1.2		
Michaelis constant	R_RPI	M_ru5p__D_c	1.7273	mM	1.7273	1.5146	1.8828	0.8166		1.2		
Michaelis constant	R_ENO	M_2pg_c	0.158	mM	0.158	1.5876	0.1758	0.0858		1.2		
Michaelis constant	R_ENO	M_h2o_c	0.0876	mM	0.0876	9.3466	1.0641	12.8886				
Michaelis constant	R_ENO	M_pep_c	0.222	mM	0.222	1.5876	0.247	0.1205		1.2		
Michaelis constant	R_SUCDi	M_q8_c	0.0261	mM	0.0261	1.5763	0.029	0.0139		1.2		
Michaelis constant	R_SUCDi	M_succ_c	0.08	mM	0.08	1.5763	0.0887	0.0426		1.2		
Michaelis constant	R_SUCDi	M_fum_c	0.1236	mM	0.1236	1.5763	0.137	0.0657		1.2		
Michaelis constant	R_SUCDi	M_q8h2_c	109.4665	mM	109.4665	2.6876	178.4536	229.7547				
Michaelis constant	R_SUCOAS	M_atp_c	0.0694	mM	0.0694	1.5468	0.0763	0.0349		1.2		
Michaelis constant	R_SUCOAS	M_coa_c	0.067	mM	0.067	1.5468	0.0737	0.0337		1.2		
Michaelis constant	R_SUCOAS	M_succ_c	1.5515	mM	1.5515	1.5468	1.7063	0.7811		1.2		
Michaelis constant	R_SUCOAS	M_adp_c	0.0659	mM	0.0659	1.5468	0.0725	0.0332		1.2		
Michaelis constant	R_SUCOAS	M_pi_c	0.9632	mM	0.9632	1.5468	1.0593	0.4849		1.2		
Michaelis constant	R_SUCOAS	M_succoa_c	0.0309	mM	0.0309	1.5468	0.034	0.0156		1.2		
Michaelis constant	R_TALA	M_g3p_c	0.0759	mM	0.0759	1.5876	0.0844	0.0412		1.2		
Michaelis constant	R_TALA	M_s7p_c	0.2453	mM	0.2453	1.5876	0.273	0.1332		1.2		
Michaelis constant	R_TALA	M_e4p_c	0.0302	mM	0.0302	1.5876	0.0336	0.0164		1.2		
Michaelis constant	R_TALA	M_f6p_c	0.1177	mM	0.1177	9.3481	1.4316	17.3463				
Michaelis constant	R_TKT1	M_r5p_c	0.5324	mM	0.5324	1.5875	0.5924	0.2891		1.2		
Michaelis constant	R_TKT1	M_xu5p__D_c	0.4183	mM	0.4183	1.5875	0.4654	0.2271		1.2		
Michaelis constant	R_TKT1	M_g3p_c	3.7135	mM	3.7135	1.5875	4.1321	2.0164		1.2		
Michaelis constant	R_TKT1	M_s7p_c	3.0564	mM	3.0564	1.5875	3.4009	1.6596		1.2		
Michaelis constant	R_TKT2	M_e4p_c	0.3077	mM	0.3077	1.5876	0.3424	0.1671		1.2		
Michaelis constant	R_TKT2	M_xu5p__D_c	0.4136	mM	0.4136	1.5876	0.4602	0.2246		1.2		
Michaelis constant	R_TKT2	M_f6p_c	0.0958	mM	0.0958	9.3481	1.1647	14.1127				
Michaelis constant	R_TKT2	M_g3p_c	3.7556	mM	3.7556	1.5876	4.179	2.0394		1.2		
Michaelis constant	R_TPI	M_dhap_c	1.5472	mM	1.5472	1.5146	1.6865	0.7314		1.2		
Michaelis constant	R_TPI	M_g3p_c	0.171	mM	0.171	1.5146	0.1863	0.0808		1.2		
Michaelis constant	R_FBA	M_fdp_c	0.0484	mM	0.0484	1.5875	0.0539	0.0263		1.2		
Michaelis constant	R_FBA	M_dhap_c	0.1405	mM	0.1405	1.5875	0.1563	0.0763		1.2		
Michaelis constant	R_FBA	M_g3p_c	0.1149	mM	0.1149	1.5875	0.1278	0.0624		1.2		
Michaelis constant	R_FBP	M_fdp_c	0.0132	mM	0.0132	1.5877	0.0147	0.0072		1.2		
Michaelis constant	R_FBP	M_h2o_c	0.0824	mM	0.0824	9.4114	1.0171	12.5126				
Michaelis constant	R_FBP	M_f6p_c	0.1214	mM	0.1214	9.4114	1.498	18.4292				
Michaelis constant	R_FBP	M_pi_c	0.1214	mM	0.1214	9.4114	1.498	18.4292				
Michaelis constant	R_FRD7	M_fum_c	0.1236	mM	0.1236	1.5763	0.137	0.0657		1.2		
Michaelis constant	R_FRD7	M_q8h2_c	109.4665	mM	109.4665	2.6876	178.4536	229.7547				
Michaelis constant	R_FRD7	M_q8_c	0.0261	mM	0.0261	1.5763	0.029	0.0139		1.2		
Michaelis constant	R_FRD7	M_succ_c	0.08	mM	0.08	1.5763	0.0887	0.0426		1.2		
Michaelis constant	R_FUM	M_fum_c	0.1781	mM	0.1781	1.5761	0.1975	0.0947		1.2		
Michaelis constant	R_FUM	M_h2o_c	1.8487	mM	1.8487	2.5951	2.9129	3.5472				
Michaelis constant	R_FUM	M_mal__L_c	0.4789	mM	0.4789	1.5761	0.5311	0.2547		1.2		
Michaelis constant	R_G6PDH2r	M_g6p_c	20.5437	mM	20.5437	1.5765	22.7861	10.9332		1.2		
Michaelis constant	R_G6PDH2r	M_nadp_c	2.2971	mM	2.2971	1.5765	2.5478	1.2225		1.2		
Michaelis constant	R_G6PDH2r	M_6pgl_c	6441.3974	mM	6441.3974	2.7884	10897.6886	14871.4797				
Michaelis constant	R_G6PDH2r	M_nadph_c	0.0213	mM	0.0213	1.5765	0.0236	0.0113		1.2		
Michaelis constant	R_GAPD	M_g3p_c	0.5465	mM	0.5465	1.5424	0.6002	0.2728		1.2		
Michaelis constant	R_GAPD	M_nad_c	0.018	mM	0.018	1.5424	0.0198	0.009		1.2		
Michaelis constant	R_GAPD	M_pi_c	1.8533	mM	1.8533	1.5424	2.0358	0.9252		1.2		
Michaelis constant	R_GAPD	M_13dpg_c	0.1447	mM	0.1447	1.5424	0.1589	0.0722		1.2		
Michaelis constant	R_GAPD	M_nadh_c	0.0115	mM	0.0115	1.5424	0.0126	0.0057		1.2		
Michaelis constant	R_GLNS	M_atp_c	0.6835	mM	0.6835	1.5876	0.7605	0.3712		1.2		
Michaelis constant	R_GLNS	M_glu__L_c	2.338	mM	2.338	1.5876	2.6016	1.2697		1.2		
Michaelis constant	R_GLNS	M_nh4_c	0.0561	mM	0.0561	9.3837	0.6875	8.4018				
Michaelis constant	R_GLNS	M_adp_c	0.0248	mM	0.0248	1.5876	0.0276	0.0135		1.2		
Michaelis constant	R_GLNS	M_gln__L_c	3.8223	mM	3.8223	1.5876	4.2532	2.0758		1.2		
Michaelis constant	R_GLNS	M_pi_c	0.1784	mM	0.1784	9.3837	2.1871	26.7294				
Michaelis constant	R_GLUDy	M_glu__L_c	11.2419	mM	11.2419	1.5819	12.4887	6.0427		1.2		
Michaelis constant	R_GLUDy	M_h2o_c	515.127	mM	515.127	5.6267	2290.6579	9925.1521				
Michaelis constant	R_GLUDy	M_nadp_c	0.0586	mM	0.0586	1.5819	0.0651	0.0315		1.2		
Michaelis constant	R_GLUDy	M_akg_c	1.1814	mM	1.1814	1.5819	1.3124	0.635		1.2		
Michaelis constant	R_GLUDy	M_nadph_c	0	mM	0	5.6267	0.0001	0.0004				
Michaelis constant	R_GLUDy	M_nh4_c	6.9949	mM	6.9949	1.5819	7.7707	3.7599		1.2		
Michaelis constant	R_GLUN	M_gln__L_c	0.219	mM	0.219	1.5763	0.2429	0.1165		1.2		
Michaelis constant	R_GLUN	M_h2o_c	0.2015	mM	0.2015	2.7042	0.3305	0.4296				
Michaelis constant	R_GLUN	M_glu__L_c	309.5938	mM	309.5938	1.5763	343.3704	164.7113		1.2		
Michaelis constant	R_GLUN	M_nh4_c	1.3242	mM	1.3242	1.5763	1.4687	0.7045		1.2		
Michaelis constant	R_GLUSy	M_akg_c	0.0522	mM	0.0522	1.5877	0.0581	0.0284		1.2		
Michaelis constant	R_GLUSy	M_gln__L_c	0.2548	mM	0.2548	1.5877	0.2836	0.1384		1.2		
Michaelis constant	R_GLUSy	M_nadph_c	0.0142	mM	0.0142	1.5877	0.0158	0.0077		1.2		
Michaelis constant	R_GLUSy	M_glu__L_c	0.7085	mM	0.7085	7.9706	6.109	52.3204				
Michaelis constant	R_GLUSy	M_nadp_c	0.2662	mM	0.2662	9.469	3.3308	41.5464				
Michaelis constant	R_GND	M_6pgc_c	0.0346	mM	0.0346	1.5424	0.038	0.0173		1.2		
Michaelis constant	R_GND	M_nadp_c	0.0327	mM	0.0327	1.5424	0.0359	0.0163		1.2		
Michaelis constant	R_GND	M_co2_c	14.4056	mM	14.4056	1.5424	15.8237	7.1918		1.2		
Michaelis constant	R_GND	M_nadph_c	0.0004	mM	0.0004	1.5424	0.0004	0.0002		1.2		
Michaelis constant	R_GND	M_ru5p__D_c	0.0621	mM	0.0621	1.5424	0.0683	0.031		1.2		
Michaelis constant	R_ICDHyr	M_icit_c	0.0244	mM	0.0244	1.5415	0.0267	0.0121		1.2		
Michaelis constant	R_ICDHyr	M_nadp_c	0.0274	mM	0.0274	1.5415	0.0301	0.0137		1.2		
Michaelis constant	R_ICDHyr	M_akg_c	0.085	mM	0.085	1.5415	0.0933	0.0423		1.2		
Michaelis constant	R_ICDHyr	M_co2_c	0.2114	mM	0.2114	1.5415	0.2321	0.1054		1.2		
Michaelis constant	R_ICDHyr	M_nadph_c	0.0077	mM	0.0077	1.5415	0.0085	0.0039		1.2		
Michaelis constant	R_ICL	M_icit_c	0.203	mM	0.203	1.5875	0.2259	0.1102		1.2		
Michaelis constant	R_ICL	M_glx_c	0.0466	mM	0.0466	1.5875	0.0518	0.0253		1.2		
Michaelis constant	R_ICL	M_succ_c	0.1735	mM	0.1735	1.5875	0.193	0.0942		1.2		
Michaelis constant	R_LDH_D	M_lac__D_c	6.5165	mM	6.5165	1.5875	7.251	3.5384		1.2		
Michaelis constant	R_LDH_D	M_nad_c	0.124	mM	0.124	1.5875	0.138	0.0674		1.2		
Michaelis constant	R_LDH_D	M_nadh_c	0.0128	mM	0.0128	1.5875	0.0142	0.0069		1.2		
Michaelis constant	R_LDH_D	M_pyr_c	0.3244	mM	0.3244	1.5875	0.361	0.1762		1.2		
Michaelis constant	R_MALS	M_accoa_c	0.0193	mM	0.0193	1.5877	0.0215	0.0105		1.2		
Michaelis constant	R_MALS	M_glx_c	0.0553	mM	0.0553	1.5877	0.0615	0.03		1.2		
Michaelis constant	R_MALS	M_h2o_c	0.0712	mM	0.0712	9.413	0.8788	10.816				
Michaelis constant	R_MALS	M_coa_c	0.1405	mM	0.1405	9.413	1.7349	21.3525				
Michaelis constant	R_MALS	M_mal__L_c	0.1405	mM	0.1405	9.413	1.7349	21.3525				
Michaelis constant	R_MDH	M_mal__L_c	1.979	mM	1.979	1.533	2.1681	0.9702		1.2		
Michaelis constant	R_MDH	M_nad_c	0.4507	mM	0.4507	1.533	0.4938	0.221		1.2		
Michaelis constant	R_MDH	M_nadh_c	0.0065	mM	0.0065	1.533	0.0071	0.0032		1.2		
Michaelis constant	R_MDH	M_oaa_c	0.0082	mM	0.0082	1.533	0.009	0.004		1.2		
Michaelis constant	R_ME1	M_mal__L_c	1.3558	mM	1.3558	1.5392	1.4879	0.6727		1.2		
Michaelis constant	R_ME1	M_nad_c	0.1487	mM	0.1487	1.5392	0.1632	0.0738		1.2		
Michaelis constant	R_ME1	M_co2_c	8.2215	mM	8.2215	1.5392	9.0228	4.0795		1.2		
Michaelis constant	R_ME1	M_nadh_c	0.0417	mM	0.0417	1.5392	0.0458	0.0207		1.2		
Michaelis constant	R_ME1	M_pyr_c	9.1267	mM	9.1267	1.5392	10.0162	4.5286		1.2		
Michaelis constant	R_ME2	M_mal__L_c	0.8784	mM	0.8784	1.5767	0.9743	0.4676		1.2		
Michaelis constant	R_ME2	M_nadp_c	0.0102	mM	0.0102	1.5767	0.0113	0.0054		1.2		
Michaelis constant	R_ME2	M_co2_c	0.0066	mM	0.0066	2.8893	0.0117	0.0168				
Michaelis constant	R_ME2	M_nadph_c	0.0048	mM	0.0048	1.5767	0.0053	0.0026		1.2		
Michaelis constant	R_ME2	M_pyr_c	4.8781	mM	4.8781	1.5767	5.4109	2.5971		1.2		
Michaelis constant	R_NADTRHD	M_nad_c	0.0805	mM	0.0805	1.5875	0.0896	0.0437		1.2		
Michaelis constant	R_NADTRHD	M_nadph_c	0.0134	mM	0.0134	1.5875	0.015	0.0073		1.2		
Michaelis constant	R_NADTRHD	M_nadh_c	0.0133	mM	0.0133	1.5875	0.0148	0.0072		1.2		
Michaelis constant	R_NADTRHD	M_nadp_c	0.0078	mM	0.0078	1.5875	0.0086	0.0042		1.2		
Michaelis constant	R_PDH	M_coa_c	0.0034	mM	0.0034	1.5819	0.0037	0.0018		1.2		
Michaelis constant	R_PDH	M_nad_c	0.036	mM	0.036	1.5819	0.04	0.0193		1.2		
Michaelis constant	R_PDH	M_pyr_c	0.0317	mM	0.0317	1.5819	0.0352	0.017		1.2		
Michaelis constant	R_PDH	M_accoa_c	0.0306	mM	0.0306	1.5819	0.034	0.0165		1.2		
Michaelis constant	R_PDH	M_co2_c	0.4426	mM	0.4426	5.6163	1.9617	8.4715				
Michaelis constant	R_PDH	M_nadh_c	0.4426	mM	0.4426	5.6163	1.9617	8.4715				
product catalytic rate constant	R_PFK		50.1186	1/s	50.1186	1.4747	54.0464	21.8124		1.2		
product catalytic rate constant	R_PFL		5.4709	1/s	5.4709	1.4788	5.906	2.4019		1.2		
product catalytic rate constant	R_PGI		54.5635	1/s	54.5635	1.4544	58.5295	22.7177		1.2		
product catalytic rate constant	R_PGK		573.4662	1/s	573.4662	1.4788	619.0772	251.7728		1.2		
product catalytic rate constant	R_PGL		0.2985	1/s	0.2985	23.2546	42.1514	5951.9824				
product catalytic rate constant	R_ACALD		0.0682	1/s	0.0682	103.5604	3228.7225	152910422				
product catalytic rate constant	R_PGM		31.8022	1/s	31.8022	1.4544	34.1138	13.241		1.2		
product catalytic rate constant	R_ALCD2x		29.45	1/s	29.45	1.5311	32.2466	14.3828		1.2		
product catalytic rate constant	R_ACKr		664.4873	1/s	664.4873	1.4788	717.3379	291.7348		1.2		
product catalytic rate constant	R_PPC		45.1023	1/s	45.1023	1.5334	49.4176	22.1284		1.2		
product catalytic rate constant	R_ACONTa		0.4071	1/s	0.4071	10.9537	7.1433	125.1356				
product catalytic rate constant	R_ACONTb		157.7944	1/s	157.7944	10.9537	2768.743	48502.849				
product catalytic rate constant	R_ATPM		22.5917	1/s	22.5917	1.5597	24.9373	11.655		1.2		
product catalytic rate constant	R_PPCK		11436.3884	1/s	11436.3884	3.2118	22590.7923	38483.8695				
product catalytic rate constant	R_PPS		42.2831	1/s	42.2831	1.5258	46.2314	20.4403		1.2		
product catalytic rate constant	R_ADK1		969.8941	1/s	969.8941	1.4904	1050.2742	436.3616		1.2		
product catalytic rate constant	R_AKGDH		0.0054	1/s	0.0054	174.8114	3322.6782	2048688225				
product catalytic rate constant	R_PTAr		1761.91	1/s	1761.91	1.4788	1902.0448	773.5443		1.2		
product catalytic rate constant	R_PYK		0.0001	1/s	0.0001	23.5456	0.0155	2.2768				
product catalytic rate constant	R_RPE		153.7796	1/s	153.7796	1.5242	168.0635	74.1003		1.2		
product catalytic rate constant	R_CS		79.0442	1/s	79.0442	1.5312	86.5537	38.6142		1.2		
product catalytic rate constant	R_RPI		1152.4166	1/s	1152.4166	1.4544	1236.181	479.815		1.2		
product catalytic rate constant	R_ENO		4.7953	1/s	4.7953	10.9537	84.1401	1473.9611				
product catalytic rate constant	R_SUCDi		52.6348	1/s	52.6348	1.5249	57.5351	25.398		1.2		
product catalytic rate constant	R_SUCOAS		34.1166	1/s	34.1166	1.4914	36.9539	15.3811		1.2		
product catalytic rate constant	R_TALA		1.2542	1/s	1.2542	11.3815	24.1382	463.9257				
product catalytic rate constant	R_TKT1		440.1837	1/s	440.1837	3.0944	833.1253	1338.7739				
product catalytic rate constant	R_TKT2		3.2323	1/s	3.2323	11.3815	62.2071	1195.5938				
product catalytic rate constant	R_TPI		619.1544	1/s	619.1544	1.4544	664.1581	257.7881		1.2		
product catalytic rate constant	R_FBA		54.6914	1/s	54.6914	1.5999	61.0766	30.3624		1.2		
product catalytic rate constant	R_FBP		20.5913	1/s	20.5913	1.6005	22.9993	11.4434		1.2		
product catalytic rate constant	R_FRD7		102.0378	1/s	102.0378	1.5249	111.5373	49.2364		1.2		
product catalytic rate constant	R_FUM		115.3437	1/s	115.3437	1.5247	126.0745	55.6331		1.2		
product catalytic rate constant	R_G6PDH2r		316.7488	1/s	316.7488	1.5252	346.2604	152.9129		1.2		
product catalytic rate constant	R_GAPD		166.8582	1/s	166.8582	1.4864	180.4914	74.4374		1.2		
product catalytic rate constant	R_GLNS		35.78	1/s	35.78	1.6003	39.9623	19.8788		1.2		
product catalytic rate constant	R_GLUDy		105.5516	1/s	105.5516	1.5313	115.5836	51.5767		1.2		
product catalytic rate constant	R_GLUN		57.6054	1/s	57.6054	1.525	62.9691	27.7986		1.2		
product catalytic rate constant	R_GLUSy		25.3692	1/s	25.3692	1.6008	28.3387	14.107		1.2		
product catalytic rate constant	R_GND		181.0643	1/s	181.0643	1.4864	195.8582	80.7749		1.2		
product catalytic rate constant	R_ICDHyr		55.7783	1/s	55.7783	1.4853	60.3189	24.8288		1.2		
product catalytic rate constant	R_ICL		22.6836	1/s	22.6836	1.5999	25.3319	12.593		1.2		
product catalytic rate constant	R_LDH_D		49787.4273	1/s	49787.4273	3.0944	94231.5677	151423.707				
product catalytic rate constant	R_MALS		0.0091	1/s	0.0091	41.7748	9.6093	10175.4709				
product catalytic rate constant	R_MDH		843.104	1/s	843.104	1.4756	909.3854	367.6124		1.2		
product catalytic rate constant	R_ME1		118.3409	1/s	118.3409	1.4827	127.8863	52.3907		1.2		
product catalytic rate constant	R_ME2		158.9971	1/s	158.9971	1.5254	173.8224	76.793		1.2		
product catalytic rate constant	R_NADTRHD		283.9946	1/s	283.9946	1.5999	317.1512	157.6634		1.2		
product catalytic rate constant	R_PDH		0.0651	1/s	0.0651	1.5313	0.0713	0.0318		1.2		
standard chemical potential		M_gln__L_c	11.7099	kJ/mol	NaN	NaN	11.7099	412.978				
standard chemical potential		M_glu__L_c	-44.8944	kJ/mol	NaN	NaN	-44.8944	217.0526				
standard chemical potential		M_glx_c	61.9417	kJ/mol	NaN	NaN	61.9417	137.7008				
standard chemical potential		M_h2o_c	-21.4205	kJ/mol	NaN	NaN	-21.4205	186.9677				
standard chemical potential		M_icit_c	-39.11	kJ/mol	NaN	NaN	-39.11	193.7735				
standard chemical potential		M_lac__D_c	-47.476	kJ/mol	NaN	NaN	-47.476	121.1842				
standard chemical potential		M_mal__L_c	-18.5822	kJ/mol	NaN	NaN	-18.5822	157.9978				
standard chemical potential		M_nad_c	12.3244	kJ/mol	NaN	NaN	12.3244	358.1786				
standard chemical potential		M_nadh_c	-12.3244	kJ/mol	NaN	NaN	-12.3244	358.1786				
standard chemical potential		M_nadp_c	12.309	kJ/mol	NaN	NaN	12.309	358.1787				
standard chemical potential		M_nadph_c	-12.309	kJ/mol	NaN	NaN	-12.309	358.1787				
standard chemical potential		M_nh4_c	21.4746	kJ/mol	NaN	NaN	21.4746	262.5432				
standard chemical potential		M_13dpg_c	-39.3231	kJ/mol	NaN	NaN	-39.3231	249.0511				
standard chemical potential		M_2pg_c	-21.7542	kJ/mol	NaN	NaN	-21.7542	141.5167				
standard chemical potential		M_3pg_c	-26.7091	kJ/mol	NaN	NaN	-26.7091	141.5129				
standard chemical potential		M_oaa_c	33.5363	kJ/mol	NaN	NaN	33.5363	179.7441				
standard chemical potential		M_pep_c	-4.0558	kJ/mol	NaN	NaN	-4.0558	160.0779				
standard chemical potential		M_6pgc_c	20.7828	kJ/mol	NaN	NaN	20.7828	182.1722				
standard chemical potential		M_pi_c	-80.4679	kJ/mol	NaN	NaN	-80.4679	176.78				
standard chemical potential		M_6pgl_c	63.8459	kJ/mol	NaN	NaN	63.8459	132.794				
standard chemical potential		M_ac_c	-75.9815	kJ/mol	NaN	NaN	-75.9815	80.8689				
standard chemical potential		M_pyr_c	1.5081	kJ/mol	NaN	NaN	1.5081	84.2629				
standard chemical potential		M_q8_c	61.0128	kJ/mol	NaN	NaN	61.0128	358.2108				
standard chemical potential		M_q8h2_c	-61.0128	kJ/mol	NaN	NaN	-61.0128	358.2108				
standard chemical potential		M_r5p_c	37.3227	kJ/mol	NaN	NaN	37.3227	125.7402				
standard chemical potential		M_ru5p__D_c	38.9598	kJ/mol	NaN	NaN	38.9598	125.7382				
standard chemical potential		M_acald_c	-31.4249	kJ/mol	NaN	NaN	-31.4249	153.4636				
standard chemical potential		M_s7p_c	59.3762	kJ/mol	NaN	NaN	59.3762	184.6666				
standard chemical potential		M_accoa_c	-0.7198	kJ/mol	NaN	NaN	-0.7198	291.987				
standard chemical potential		M_succ_c	-92.3302	kJ/mol	NaN	NaN	-92.3302	107.9124				
standard chemical potential		M_succoa_c	-22.637	kJ/mol	NaN	NaN	-22.637	304.1813				
standard chemical potential		M_acon_C_c	-16.2393	kJ/mol	NaN	NaN	-16.2393	229.6365				
standard chemical potential		M_xu5p__D_c	35.9113	kJ/mol	NaN	NaN	35.9113	125.74				
standard chemical potential		M_actp_c	-95.2841	kJ/mol	NaN	NaN	-95.2841	113.4266				
standard chemical potential		M_adp_c	-0.0445	kJ/mol	NaN	NaN	-0.0445	288.6753				
standard chemical potential		M_akg_c	-26.3945	kJ/mol	NaN	NaN	-26.3945	155.8739				
standard chemical potential		M_amp_c	32.9306	kJ/mol	NaN	NaN	32.9306	332.4449				
standard chemical potential		M_atp_c	-32.8868	kJ/mol	NaN	NaN	-32.8868	332.4447				
standard chemical potential		M_cit_c	-46.6594	kJ/mol	NaN	NaN	-46.6594	193.7718				
standard chemical potential		M_co2_c	16.317	kJ/mol	NaN	NaN	16.317	144.3227				
standard chemical potential		M_coa_c	23.3567	kJ/mol	NaN	NaN	23.3567	315.7422				
standard chemical potential		M_dhap_c	6.6854	kJ/mol	NaN	NaN	6.6854	102.8216				
standard chemical potential		M_e4p_c	26.9275	kJ/mol	NaN	NaN	26.9275	107.5185				
standard chemical potential		M_etoh_c	-77.8423	kJ/mol	NaN	NaN	-77.8423	214.6268				
standard chemical potential		M_f6p_c	42.8504	kJ/mol	NaN	NaN	42.8504	152.7226				
standard chemical potential		M_fdp_c	-5.6375	kJ/mol	NaN	NaN	-5.6375	205.6383				
standard chemical potential		M_for_c	7.3499	kJ/mol	NaN	NaN	7.3499	138.0932				
standard chemical potential		M_fum_c	6.3023	kJ/mol	NaN	NaN	6.3023	153.1247				
standard chemical potential		M_g3p_c	10.1094	kJ/mol	NaN	NaN	10.1094	102.8201				
standard chemical potential		M_g6p_c	41.2382	kJ/mol	NaN	NaN	41.2382	152.7277				
substrate catalytic rate constant	R_PFK		52.4039	1/s	52.4039	1.4747	56.5108	22.807		1.2		
substrate catalytic rate constant	R_PFL		7.0618	1/s	7.0618	1.4788	7.6235	3.1004		1.2		
substrate catalytic rate constant	R_PGI		76.3521	1/s	76.3521	1.4544	81.9018	31.7895		1.2		
substrate catalytic rate constant	R_PGK		76.3952	1/s	76.3952	1.4788	82.4714	33.5403		1.2		
substrate catalytic rate constant	R_PGL		418.1042	1/s	418.1042	1.6003	466.9739	232.2836		1.2		
substrate catalytic rate constant	R_ACALD		1466.816	1/s	1466.816	103.5604	69467554.31	3.28994E+12				
substrate catalytic rate constant	R_PGM		342.6231	1/s	342.6231	1.4544	367.5268	142.6527		1.2		
substrate catalytic rate constant	R_ALCD2x		4.5121	1/s	4.5121	1.5311	4.9405	2.2036		1.2		
substrate catalytic rate constant	R_ACKr		744.5705	1/s	744.5705	1.4788	803.7905	326.8943		1.2		
substrate catalytic rate constant	R_PPC		285.1398	1/s	285.1398	1.5334	312.4214	139.8971		1.2		
substrate catalytic rate constant	R_ACONTa		3.0207	1/s	3.0207	1.6001	3.3736	1.6776		1.2		
substrate catalytic rate constant	R_ACONTb		2.9279	1/s	2.9279	1.6001	3.27	1.6261		1.2		
substrate catalytic rate constant	R_ATPM		0.6348	1/s	0.6348	2.5543	0.9853	1.1698				
substrate catalytic rate constant	R_PPCK		18.1396	1/s	18.1396	1.5999	20.2575	10.0706		1.2		
substrate catalytic rate constant	R_PPS		807.3293	1/s	807.3293	1.5258	882.7175	390.2761		1.2		
substrate catalytic rate constant	R_ADK1		551.1732	1/s	551.1732	1.4904	596.8517	247.9763		1.2		
substrate catalytic rate constant	R_AKGDH		18556.6386	1/s	18556.6386	174.8114	11441603677	7.05463E+15				
substrate catalytic rate constant	R_PTAr		522.4587	1/s	522.4587	1.4788	564.0128	229.3789		1.2		
substrate catalytic rate constant	R_PYK		63.0368	1/s	63.0368	1.6003	70.4048	35.0212		1.2		
substrate catalytic rate constant	R_RPE		1201.7865	1/s	1201.7865	1.5242	1313.4151	579.0936		1.2		
substrate catalytic rate constant	R_CS		48.2911	1/s	48.2911	1.5312	52.8789	23.5908		1.2		
substrate catalytic rate constant	R_RPI		856.2108	1/s	856.2108	1.4544	918.4453	356.4881		1.2		
substrate catalytic rate constant	R_ENO		174.9805	1/s	174.9805	1.6001	195.4218	97.1793		1.2		
substrate catalytic rate constant	R_SUCDi		102.0378	1/s	102.0378	1.5249	111.5373	49.2364		1.2		
substrate catalytic rate constant	R_SUCOAS		210.5385	1/s	210.5385	1.4914	228.0476	94.9191		1.2		
substrate catalytic rate constant	R_TALA		5.8399	1/s	5.8399	1.6001	6.5221	3.2434		1.2		
substrate catalytic rate constant	R_TKT1		39.1734	1/s	39.1734	1.5999	43.7469	21.7478		1.2		
substrate catalytic rate constant	R_TKT2		61.4928	1/s	61.4928	1.6001	68.6766	34.1519		1.2		
substrate catalytic rate constant	R_TPI		1408.0671	1/s	1408.0671	1.4544	1510.4136	586.256		1.2		
substrate catalytic rate constant	R_FBA		0.0193	1/s	0.0193	2.8118	0.0329	0.0455				
substrate catalytic rate constant	R_FBP		107.5443	1/s	107.5443	40.6875	103241.5393	99110880.41				
substrate catalytic rate constant	R_FRD7		52.6348	1/s	52.6348	1.5249	57.5351	25.398		1.2		
substrate catalytic rate constant	R_FUM		320.6852	1/s	320.6852	1.5247	350.5194	154.6742		1.2		
substrate catalytic rate constant	R_G6PDH2r		245.1454	1/s	245.1454	1.5252	267.9858	118.3458		1.2		
substrate catalytic rate constant	R_GAPD		139.2965	1/s	139.2965	1.4864	150.6778	62.1418		1.2		
substrate catalytic rate constant	R_GLNS		29328.7613	1/s	29328.7613	24.8492	5113788.781	891630073.8				
substrate catalytic rate constant	R_GLUDy		80.5156	1/s	80.5156	1.5313	88.168	39.3431		1.2		
substrate catalytic rate constant	R_GLUN		1.5635	1/s	1.5635	1.525	1.7091	0.7545		1.2		
substrate catalytic rate constant	R_GLUSy		25023580	1/s	25023580	95.896	8.31933E+11	2.77E+16				
substrate catalytic rate constant	R_GND		11.7616	1/s	11.7616	1.4864	12.7226	5.247		1.2		
substrate catalytic rate constant	R_ICDHyr		45.2233	1/s	45.2233	1.4853	48.9047	20.1304		1.2		
substrate catalytic rate constant	R_ICL		16.9033	1/s	16.9033	2.7672	28.3746	38.2567				
substrate catalytic rate constant	R_LDH_D		530.1836	1/s	530.1836	1.5999	592.0836	294.3407		1.2		
substrate catalytic rate constant	R_MALS		47.7661	1/s	47.7661	1.6005	53.3521	26.5459		1.2		
substrate catalytic rate constant	R_MDH		217.974	1/s	217.974	1.4756	235.1102	95.0416		1.2		
substrate catalytic rate constant	R_ME1		0.0664	1/s	0.0664	1.4827	0.0717	0.0294		1.2		
substrate catalytic rate constant	R_ME2		78.378	1/s	78.378	1.5254	85.6861	37.8553		1.2		
substrate catalytic rate constant	R_NADTRHD		3001.8452	1/s	3001.8452	2.9735	5435.8007	8206.2016				
substrate catalytic rate constant	R_PDH		36.3265	1/s	36.3265	1.5313	39.7789	17.7499		1.2		
